{'sample_size': 300, 'difference': -60, 'noise': 0, 'n': 60, 'shap_error': np.float64(0.01931809133403718)}
{'sample_size': 600, 'difference': 0, 'noise': 0, 'n': 60, 'shap_error': np.float64(0.015645257356889507)}
{'sample_size': 1200, 'difference': 0, 'noise': 0, 'n': 60, 'shap_error': np.float64(0.013690769991731213)}
{'sample_size': 2400, 'difference': 0, 'noise': 0, 'n': 60, 'shap_error': np.float64(0.013438952540701916)}
{'sample_size': 4800, 'difference': 0, 'noise': 0, 'n': 60, 'shap_error': np.float64(0.01488236265692359)}
{'sample_size': 9600, 'difference': 0, 'noise': 0, 'n': 60, 'shap_error': np.float64(0.01448069711804226)}
{'sample_size': 300, 'difference': -60, 'noise': 0, 'n': 60, 'shap_error': np.float64(0.00872637732961442)}
{'sample_size': 600, 'difference': 0, 'noise': 0, 'n': 60, 'shap_error': np.float64(0.008072775187111133)}
{'sample_size': 1200, 'difference': 0, 'noise': 0, 'n': 60, 'shap_error': np.float64(0.006427337330146903)}
{'sample_size': 2400, 'difference': 0, 'noise': 0, 'n': 60, 'shap_error': np.float64(0.007077774464645797)}
{'sample_size': 4800, 'difference': 0, 'noise': 0, 'n': 60, 'shap_error': np.float64(0.0072660820346273775)}
{'sample_size': 9600, 'difference': 0, 'noise': 0, 'n': 60, 'shap_error': np.float64(0.007029039081587115)}
{'sample_size': 300, 'difference': -60, 'noise': 0, 'n': 60, 'shap_error': np.float64(0.011898645234402953)}
{'sample_size': 600, 'difference': 0, 'noise': 0, 'n': 60, 'shap_error': np.float64(0.012899809891810275)}
{'sample_size': 1200, 'difference': 0, 'noise': 0, 'n': 60, 'shap_error': np.float64(0.011234321781595329)}
{'sample_size': 2400, 'difference': 0, 'noise': 0, 'n': 60, 'shap_error': np.float64(0.011959965806429705)}
{'sample_size': 4800, 'difference': 0, 'noise': 0, 'n': 60, 'shap_error': np.float64(0.012027661368934657)}
{'sample_size': 9600, 'difference': 0, 'noise': 0, 'n': 60, 'shap_error': np.float64(0.011733659444226389)}
{'sample_size': 300, 'difference': -60, 'noise': 0, 'n': 60, 'shap_error': np.float64(0.028258713717565758)}
{'sample_size': 600, 'difference': 0, 'noise': 0, 'n': 60, 'shap_error': np.float64(0.019491644072249195)}
{'sample_size': 1200, 'difference': 0, 'noise': 0, 'n': 60, 'shap_error': np.float64(0.03198574540331848)}
{'sample_size': 2400, 'difference': 0, 'noise': 0, 'n': 60, 'shap_error': np.float64(0.02731732663281317)}
{'sample_size': 4800, 'difference': 0, 'noise': 0, 'n': 60, 'shap_error': np.float64(0.02743798385988494)}
{'sample_size': 9600, 'difference': 0, 'noise': 0, 'n': 60, 'shap_error': np.float64(0.02951567028363511)}
{'sample_size': 300, 'difference': -60, 'noise': 0, 'n': 60, 'shap_error': np.float64(0.01678445833289273)}
{'sample_size': 600, 'difference': 0, 'noise': 0, 'n': 60, 'shap_error': np.float64(0.0127000493002502)}
{'sample_size': 1200, 'difference': 0, 'noise': 0, 'n': 60, 'shap_error': np.float64(0.014325815935930495)}
{'sample_size': 2400, 'difference': 0, 'noise': 0, 'n': 60, 'shap_error': np.float64(0.013715352245657777)}
{'sample_size': 4800, 'difference': 0, 'noise': 0, 'n': 60, 'shap_error': np.float64(0.014109571727220289)}
{'sample_size': 9600, 'difference': 0, 'noise': 0, 'n': 60, 'shap_error': np.float64(0.01387881090905252)}
{'sample_size': 300, 'difference': -60, 'noise': 0, 'n': 60, 'shap_error': np.float64(0.017378687410130163)}
{'sample_size': 600, 'difference': 0, 'noise': 0, 'n': 60, 'shap_error': np.float64(0.03173988824103037)}
{'sample_size': 1200, 'difference': 0, 'noise': 0, 'n': 60, 'shap_error': np.float64(0.021303086763319014)}
{'sample_size': 2400, 'difference': 0, 'noise': 0, 'n': 60, 'shap_error': np.float64(0.021013036201367775)}
{'sample_size': 4800, 'difference': 0, 'noise': 0, 'n': 60, 'shap_error': np.float64(0.020039371862217357)}
{'sample_size': 9600, 'difference': 0, 'noise': 0, 'n': 60, 'shap_error': np.float64(0.018545843877749695)}
{'sample_size': 300, 'difference': -60, 'noise': 0, 'n': 60, 'shap_error': np.float64(0.009390134589280955)}
{'sample_size': 600, 'difference': 0, 'noise': 0, 'n': 60, 'shap_error': np.float64(0.012133157027476882)}
{'sample_size': 1200, 'difference': 0, 'noise': 0, 'n': 60, 'shap_error': np.float64(0.010270031289314177)}
{'sample_size': 2400, 'difference': 0, 'noise': 0, 'n': 60, 'shap_error': np.float64(0.010304559407774886)}
{'sample_size': 4800, 'difference': 0, 'noise': 0, 'n': 60, 'shap_error': np.float64(0.010978454610370355)}
{'sample_size': 9600, 'difference': 0, 'noise': 0, 'n': 60, 'shap_error': np.float64(0.011202068004682816)}
{'sample_size': 300, 'difference': -60, 'noise': 0, 'n': 60, 'shap_error': np.float64(0.02447266866339735)}
{'sample_size': 600, 'difference': 0, 'noise': 0, 'n': 60, 'shap_error': np.float64(0.016284737531405007)}
{'sample_size': 1200, 'difference': 0, 'noise': 0, 'n': 60, 'shap_error': np.float64(0.018991019773783126)}
{'sample_size': 2400, 'difference': 0, 'noise': 0, 'n': 60, 'shap_error': np.float64(0.016851227561736796)}
{'sample_size': 4800, 'difference': 0, 'noise': 0, 'n': 60, 'shap_error': np.float64(0.016537697699669975)}
{'sample_size': 9600, 'difference': 0, 'noise': 0, 'n': 60, 'shap_error': np.float64(0.01707789177862905)}
{'sample_size': 300, 'difference': -60, 'noise': 0, 'n': 60, 'shap_error': np.float64(0.0072370128468308365)}
{'sample_size': 600, 'difference': 0, 'noise': 0, 'n': 60, 'shap_error': np.float64(0.00583352554531579)}
{'sample_size': 1200, 'difference': 0, 'noise': 0, 'n': 60, 'shap_error': np.float64(0.0065152655709111145)}
{'sample_size': 2400, 'difference': 0, 'noise': 0, 'n': 60, 'shap_error': np.float64(0.0058893267382497125)}
{'sample_size': 4800, 'difference': 0, 'noise': 0, 'n': 60, 'shap_error': np.float64(0.005049441224679812)}
{'sample_size': 9600, 'difference': 0, 'noise': 0, 'n': 60, 'shap_error': np.float64(0.005504457558067373)}
{'sample_size': 300, 'difference': -60, 'noise': 0, 'n': 60, 'shap_error': np.float64(0.01749594193137811)}
{'sample_size': 600, 'difference': 0, 'noise': 0, 'n': 60, 'shap_error': np.float64(0.016056888492662947)}
{'sample_size': 1200, 'difference': 0, 'noise': 0, 'n': 60, 'shap_error': np.float64(0.017823254340885386)}
{'sample_size': 2400, 'difference': 0, 'noise': 0, 'n': 60, 'shap_error': np.float64(0.015890371986473594)}
{'sample_size': 4800, 'difference': 0, 'noise': 0, 'n': 60, 'shap_error': np.float64(0.016283790492347367)}
{'sample_size': 9600, 'difference': 0, 'noise': 0, 'n': 60, 'shap_error': np.float64(0.016972355032171482)}
{'sample_size': 300, 'difference': -60, 'noise': 0, 'n': 60, 'shap_error': np.float64(0.010793453957628204)}
{'sample_size': 600, 'difference': 0, 'noise': 0, 'n': 60, 'shap_error': np.float64(0.010850440317716146)}
{'sample_size': 1200, 'difference': 0, 'noise': 0, 'n': 60, 'shap_error': np.float64(0.014306143087203476)}
{'sample_size': 2400, 'difference': 0, 'noise': 0, 'n': 60, 'shap_error': np.float64(0.014136835732221856)}
{'sample_size': 4800, 'difference': 0, 'noise': 0, 'n': 60, 'shap_error': np.float64(0.012446356125724848)}
{'sample_size': 9600, 'difference': 0, 'noise': 0, 'n': 60, 'shap_error': np.float64(0.012637453933854532)}
{'sample_size': 300, 'difference': -60, 'noise': 0, 'n': 60, 'shap_error': np.float64(0.008937145435600617)}
{'sample_size': 600, 'difference': 0, 'noise': 0, 'n': 60, 'shap_error': np.float64(0.012764782723428148)}
{'sample_size': 1200, 'difference': 0, 'noise': 0, 'n': 60, 'shap_error': np.float64(0.010950245965782918)}
{'sample_size': 2400, 'difference': 0, 'noise': 0, 'n': 60, 'shap_error': np.float64(0.012018772969911912)}
{'sample_size': 4800, 'difference': 0, 'noise': 0, 'n': 60, 'shap_error': np.float64(0.011399166138161745)}
{'sample_size': 9600, 'difference': 0, 'noise': 0, 'n': 60, 'shap_error': np.float64(0.011484334164055409)}
{'sample_size': 300, 'difference': -60, 'noise': 0, 'n': 60, 'shap_error': np.float64(0.023580627575965893)}
{'sample_size': 600, 'difference': 0, 'noise': 0, 'n': 60, 'shap_error': np.float64(0.026664489839331076)}
{'sample_size': 1200, 'difference': 0, 'noise': 0, 'n': 60, 'shap_error': np.float64(0.023688334679772407)}
{'sample_size': 2400, 'difference': 0, 'noise': 0, 'n': 60, 'shap_error': np.float64(0.023624350729312182)}
{'sample_size': 4800, 'difference': 0, 'noise': 0, 'n': 60, 'shap_error': np.float64(0.023940225608986215)}
{'sample_size': 9600, 'difference': 0, 'noise': 0, 'n': 60, 'shap_error': np.float64(0.025107904270838175)}
{'sample_size': 300, 'difference': -60, 'noise': 0, 'n': 60, 'shap_error': np.float64(0.023367227918282253)}
{'sample_size': 600, 'difference': 0, 'noise': 0, 'n': 60, 'shap_error': np.float64(0.019340164647437978)}
{'sample_size': 1200, 'difference': 0, 'noise': 0, 'n': 60, 'shap_error': np.float64(0.018738877298167714)}
{'sample_size': 2400, 'difference': 0, 'noise': 0, 'n': 60, 'shap_error': np.float64(0.01734189780564699)}
{'sample_size': 4800, 'difference': 0, 'noise': 0, 'n': 60, 'shap_error': np.float64(0.01679110978416828)}
{'sample_size': 9600, 'difference': 0, 'noise': 0, 'n': 60, 'shap_error': np.float64(0.018129144625837874)}
{'sample_size': 300, 'difference': -60, 'noise': 0, 'n': 60, 'shap_error': np.float64(0.02099295090890728)}
{'sample_size': 600, 'difference': 0, 'noise': 0, 'n': 60, 'shap_error': np.float64(0.019657984109624483)}
{'sample_size': 1200, 'difference': 0, 'noise': 0, 'n': 60, 'shap_error': np.float64(0.018169980507289976)}
{'sample_size': 2400, 'difference': 0, 'noise': 0, 'n': 60, 'shap_error': np.float64(0.021329860098649532)}
{'sample_size': 4800, 'difference': 0, 'noise': 0, 'n': 60, 'shap_error': np.float64(0.023831660501702923)}
{'sample_size': 9600, 'difference': 0, 'noise': 0, 'n': 60, 'shap_error': np.float64(0.020071092109744067)}
{'sample_size': 300, 'difference': -60, 'noise': 0, 'n': 60, 'shap_error': np.float64(0.026316473230221748)}
{'sample_size': 600, 'difference': 0, 'noise': 0, 'n': 60, 'shap_error': np.float64(0.014360150676322625)}
{'sample_size': 1200, 'difference': 0, 'noise': 0, 'n': 60, 'shap_error': np.float64(0.012048717215950962)}
{'sample_size': 2400, 'difference': 0, 'noise': 0, 'n': 60, 'shap_error': np.float64(0.01322881777251695)}
{'sample_size': 4800, 'difference': 0, 'noise': 0, 'n': 60, 'shap_error': np.float64(0.014942836796033882)}
{'sample_size': 9600, 'difference': 0, 'noise': 0, 'n': 60, 'shap_error': np.float64(0.01294537458822775)}
{'sample_size': 300, 'difference': -60, 'noise': 0, 'n': 60, 'shap_error': np.float64(0.00580502152984218)}
{'sample_size': 600, 'difference': 0, 'noise': 0, 'n': 60, 'shap_error': np.float64(0.0047877863804746046)}
{'sample_size': 1200, 'difference': 0, 'noise': 0, 'n': 60, 'shap_error': np.float64(0.005722758849472453)}
{'sample_size': 2400, 'difference': 0, 'noise': 0, 'n': 60, 'shap_error': np.float64(0.005402019797254752)}
{'sample_size': 4800, 'difference': 0, 'noise': 0, 'n': 60, 'shap_error': np.float64(0.004987852792090216)}
{'sample_size': 9600, 'difference': 0, 'noise': 0, 'n': 60, 'shap_error': np.float64(0.00504121459338031)}
{'sample_size': 300, 'difference': -60, 'noise': 0, 'n': 60, 'shap_error': np.float64(0.032457797759236705)}
{'sample_size': 600, 'difference': 0, 'noise': 0, 'n': 60, 'shap_error': np.float64(0.03021790119201054)}
{'sample_size': 1200, 'difference': 0, 'noise': 0, 'n': 60, 'shap_error': np.float64(0.025807326607468834)}
{'sample_size': 2400, 'difference': 0, 'noise': 0, 'n': 60, 'shap_error': np.float64(0.025420676959415953)}
{'sample_size': 4800, 'difference': 0, 'noise': 0, 'n': 60, 'shap_error': np.float64(0.02598026843119079)}
{'sample_size': 9600, 'difference': 0, 'noise': 0, 'n': 60, 'shap_error': np.float64(0.025493343929189647)}
{'sample_size': 300, 'difference': -60, 'noise': 0, 'n': 60, 'shap_error': np.float64(0.02326656783476263)}
{'sample_size': 600, 'difference': 0, 'noise': 0, 'n': 60, 'shap_error': np.float64(0.017744630003057354)}
{'sample_size': 1200, 'difference': 0, 'noise': 0, 'n': 60, 'shap_error': np.float64(0.016415467798349914)}
{'sample_size': 2400, 'difference': 0, 'noise': 0, 'n': 60, 'shap_error': np.float64(0.015710166206282874)}
{'sample_size': 4800, 'difference': 0, 'noise': 0, 'n': 60, 'shap_error': np.float64(0.01647519503651099)}
{'sample_size': 9600, 'difference': 0, 'noise': 0, 'n': 60, 'shap_error': np.float64(0.016371759186349397)}
{'sample_size': 300, 'difference': -60, 'noise': 0, 'n': 60, 'shap_error': np.float64(0.02266190848669199)}
{'sample_size': 600, 'difference': 0, 'noise': 0, 'n': 60, 'shap_error': np.float64(0.015803197830660008)}
{'sample_size': 1200, 'difference': 0, 'noise': 0, 'n': 60, 'shap_error': np.float64(0.01477091017360845)}
{'sample_size': 2400, 'difference': 0, 'noise': 0, 'n': 60, 'shap_error': np.float64(0.014247778501409757)}
{'sample_size': 4800, 'difference': 0, 'noise': 0, 'n': 60, 'shap_error': np.float64(0.018145431586206726)}
{'sample_size': 9600, 'difference': 0, 'noise': 0, 'n': 60, 'shap_error': np.float64(0.017554149799178638)}
{'sample_size': 300, 'difference': -60, 'noise': 0, 'n': 60, 'shap_error': np.float64(0.00990929948585677)}
{'sample_size': 600, 'difference': 0, 'noise': 0, 'n': 60, 'shap_error': np.float64(0.009933569171394242)}
{'sample_size': 1200, 'difference': 0, 'noise': 0, 'n': 60, 'shap_error': np.float64(0.011893967408982777)}
{'sample_size': 2400, 'difference': 0, 'noise': 0, 'n': 60, 'shap_error': np.float64(0.011071417721028046)}
{'sample_size': 4800, 'difference': 0, 'noise': 0, 'n': 60, 'shap_error': np.float64(0.010334409831848683)}
{'sample_size': 9600, 'difference': 0, 'noise': 0, 'n': 60, 'shap_error': np.float64(0.01098740548706075)}
{'sample_size': 300, 'difference': -60, 'noise': 0, 'n': 60, 'shap_error': np.float64(0.020978141617196727)}
{'sample_size': 600, 'difference': 0, 'noise': 0, 'n': 60, 'shap_error': np.float64(0.02043317962525826)}
{'sample_size': 1200, 'difference': 0, 'noise': 0, 'n': 60, 'shap_error': np.float64(0.016425879529939316)}
{'sample_size': 2400, 'difference': 0, 'noise': 0, 'n': 60, 'shap_error': np.float64(0.017882932151022754)}
{'sample_size': 4800, 'difference': 0, 'noise': 0, 'n': 60, 'shap_error': np.float64(0.017728559262927924)}
{'sample_size': 9600, 'difference': 0, 'noise': 0, 'n': 60, 'shap_error': np.float64(0.01679128760652809)}
{'sample_size': 300, 'difference': -60, 'noise': 0, 'n': 60, 'shap_error': np.float64(0.01259736445493953)}
{'sample_size': 600, 'difference': 0, 'noise': 0, 'n': 60, 'shap_error': np.float64(0.009880515753197643)}
{'sample_size': 1200, 'difference': 0, 'noise': 0, 'n': 60, 'shap_error': np.float64(0.011863648992365779)}
{'sample_size': 2400, 'difference': 0, 'noise': 0, 'n': 60, 'shap_error': np.float64(0.011932872677098933)}
{'sample_size': 4800, 'difference': 0, 'noise': 0, 'n': 60, 'shap_error': np.float64(0.011032841172428651)}
{'sample_size': 9600, 'difference': 0, 'noise': 0, 'n': 60, 'shap_error': np.float64(0.011412874272554805)}
{'sample_size': 300, 'difference': -60, 'noise': 0, 'n': 60, 'shap_error': np.float64(0.01577317829191321)}
{'sample_size': 600, 'difference': 0, 'noise': 0, 'n': 60, 'shap_error': np.float64(0.017026670007126727)}
{'sample_size': 1200, 'difference': 0, 'noise': 0, 'n': 60, 'shap_error': np.float64(0.013547911330381435)}
{'sample_size': 2400, 'difference': 0, 'noise': 0, 'n': 60, 'shap_error': np.float64(0.012587786297482433)}
{'sample_size': 4800, 'difference': 0, 'noise': 0, 'n': 60, 'shap_error': np.float64(0.013548299479554108)}
{'sample_size': 9600, 'difference': 0, 'noise': 0, 'n': 60, 'shap_error': np.float64(0.01322866259005318)}
{'sample_size': 300, 'difference': -60, 'noise': 0, 'n': 60, 'shap_error': np.float64(0.01153663370469696)}
{'sample_size': 600, 'difference': 0, 'noise': 0, 'n': 60, 'shap_error': np.float64(0.009555517364567688)}
{'sample_size': 1200, 'difference': 0, 'noise': 0, 'n': 60, 'shap_error': np.float64(0.010039144373973564)}
{'sample_size': 2400, 'difference': 0, 'noise': 0, 'n': 60, 'shap_error': np.float64(0.009307372800572863)}
{'sample_size': 4800, 'difference': 0, 'noise': 0, 'n': 60, 'shap_error': np.float64(0.010358331153907616)}
{'sample_size': 9600, 'difference': 0, 'noise': 0, 'n': 60, 'shap_error': np.float64(0.01036745121836981)}
{'sample_size': 300, 'difference': -60, 'noise': 0, 'n': 60, 'shap_error': np.float64(0.0169452939496085)}
{'sample_size': 600, 'difference': 0, 'noise': 0, 'n': 60, 'shap_error': np.float64(0.018674173493786347)}
{'sample_size': 1200, 'difference': 0, 'noise': 0, 'n': 60, 'shap_error': np.float64(0.014069282894100974)}
{'sample_size': 2400, 'difference': 0, 'noise': 0, 'n': 60, 'shap_error': np.float64(0.01648172453090723)}
{'sample_size': 4800, 'difference': 0, 'noise': 0, 'n': 60, 'shap_error': np.float64(0.015609460585505506)}
{'sample_size': 9600, 'difference': 0, 'noise': 0, 'n': 60, 'shap_error': np.float64(0.015883860354673346)}
{'sample_size': 300, 'difference': -60, 'noise': 0, 'n': 60, 'shap_error': np.float64(0.013395964757139424)}
{'sample_size': 600, 'difference': 0, 'noise': 0, 'n': 60, 'shap_error': np.float64(0.009833711760264006)}
{'sample_size': 1200, 'difference': 0, 'noise': 0, 'n': 60, 'shap_error': np.float64(0.011949199549138954)}
{'sample_size': 2400, 'difference': 0, 'noise': 0, 'n': 60, 'shap_error': np.float64(0.011575426398380752)}
{'sample_size': 4800, 'difference': 0, 'noise': 0, 'n': 60, 'shap_error': np.float64(0.011060393795055327)}
{'sample_size': 9600, 'difference': 0, 'noise': 0, 'n': 60, 'shap_error': np.float64(0.010826892574303167)}
{'sample_size': 300, 'difference': -60, 'noise': 0, 'n': 60, 'shap_error': np.float64(0.01794833617140586)}
{'sample_size': 600, 'difference': 0, 'noise': 0, 'n': 60, 'shap_error': np.float64(0.01365682898650599)}
{'sample_size': 1200, 'difference': 0, 'noise': 0, 'n': 60, 'shap_error': np.float64(0.014106794429866915)}
{'sample_size': 2400, 'difference': 0, 'noise': 0, 'n': 60, 'shap_error': np.float64(0.017139414672139825)}
{'sample_size': 4800, 'difference': 0, 'noise': 0, 'n': 60, 'shap_error': np.float64(0.015713292760949852)}
{'sample_size': 9600, 'difference': 0, 'noise': 0, 'n': 60, 'shap_error': np.float64(0.014691726422909694)}
{'sample_size': 300, 'difference': -60, 'noise': 0, 'n': 60, 'shap_error': np.float64(0.01661376222477412)}
{'sample_size': 600, 'difference': 0, 'noise': 0, 'n': 60, 'shap_error': np.float64(0.017620482943506585)}
{'sample_size': 1200, 'difference': 0, 'noise': 0, 'n': 60, 'shap_error': np.float64(0.01604669808098405)}
{'sample_size': 2400, 'difference': 0, 'noise': 0, 'n': 60, 'shap_error': np.float64(0.016309235272759917)}
{'sample_size': 4800, 'difference': 0, 'noise': 0, 'n': 60, 'shap_error': np.float64(0.018200437373343682)}
{'sample_size': 9600, 'difference': 0, 'noise': 0, 'n': 60, 'shap_error': np.float64(0.019017816572014783)}
{'sample_size': 300, 'difference': -60, 'noise': 0, 'n': 60, 'shap_error': np.float64(0.012965160829548062)}
{'sample_size': 600, 'difference': 0, 'noise': 0, 'n': 60, 'shap_error': np.float64(0.013964349717504442)}
{'sample_size': 1200, 'difference': 0, 'noise': 0, 'n': 60, 'shap_error': np.float64(0.012098694186686663)}
{'sample_size': 2400, 'difference': 0, 'noise': 0, 'n': 60, 'shap_error': np.float64(0.012272472129036465)}
{'sample_size': 4800, 'difference': 0, 'noise': 0, 'n': 60, 'shap_error': np.float64(0.01263786579865881)}
{'sample_size': 9600, 'difference': 0, 'noise': 0, 'n': 60, 'shap_error': np.float64(0.01239260932713963)}
{'sample_size': 300, 'difference': -60, 'noise': 0, 'n': 60, 'shap_error': np.float64(0.014615907886432515)}
{'sample_size': 600, 'difference': 0, 'noise': 0, 'n': 60, 'shap_error': np.float64(0.01600130816506911)}
{'sample_size': 1200, 'difference': 0, 'noise': 0, 'n': 60, 'shap_error': np.float64(0.01350667466936693)}
{'sample_size': 2400, 'difference': 0, 'noise': 0, 'n': 60, 'shap_error': np.float64(0.013830401544503207)}
{'sample_size': 4800, 'difference': 0, 'noise': 0, 'n': 60, 'shap_error': np.float64(0.012958795733731873)}
{'sample_size': 9600, 'difference': 0, 'noise': 0, 'n': 60, 'shap_error': np.float64(0.014096706405623128)}
{'sample_size': 300, 'difference': -60, 'noise': 0, 'n': 60, 'shap_error': np.float64(0.01602588462187264)}
{'sample_size': 600, 'difference': 0, 'noise': 0, 'n': 60, 'shap_error': np.float64(0.014342878212712237)}
{'sample_size': 1200, 'difference': 0, 'noise': 0, 'n': 60, 'shap_error': np.float64(0.013489737920974557)}
{'sample_size': 2400, 'difference': 0, 'noise': 0, 'n': 60, 'shap_error': np.float64(0.012472317964736464)}
{'sample_size': 4800, 'difference': 0, 'noise': 0, 'n': 60, 'shap_error': np.float64(0.012304461283654899)}
{'sample_size': 9600, 'difference': 0, 'noise': 0, 'n': 60, 'shap_error': np.float64(0.012447622634607499)}
{'sample_size': 300, 'difference': -60, 'noise': 0, 'n': 60, 'shap_error': np.float64(0.017535651042115453)}
{'sample_size': 600, 'difference': 0, 'noise': 0, 'n': 60, 'shap_error': np.float64(0.01768887339357461)}
{'sample_size': 1200, 'difference': 0, 'noise': 0, 'n': 60, 'shap_error': np.float64(0.015387004656033399)}
{'sample_size': 2400, 'difference': 0, 'noise': 0, 'n': 60, 'shap_error': np.float64(0.01592142069027884)}
{'sample_size': 4800, 'difference': 0, 'noise': 0, 'n': 60, 'shap_error': np.float64(0.016555412304655983)}
{'sample_size': 9600, 'difference': 0, 'noise': 0, 'n': 60, 'shap_error': np.float64(0.015385788373081351)}
{'sample_size': 300, 'difference': -60, 'noise': 0, 'n': 60, 'shap_error': np.float64(0.02894960896442181)}
{'sample_size': 600, 'difference': 0, 'noise': 0, 'n': 60, 'shap_error': np.float64(0.024316767144314414)}
{'sample_size': 1200, 'difference': 0, 'noise': 0, 'n': 60, 'shap_error': np.float64(0.021000839145271406)}
{'sample_size': 2400, 'difference': 0, 'noise': 0, 'n': 60, 'shap_error': np.float64(0.02447516111607851)}
{'sample_size': 4800, 'difference': 0, 'noise': 0, 'n': 60, 'shap_error': np.float64(0.0213744182397771)}
{'sample_size': 9600, 'difference': 0, 'noise': 0, 'n': 60, 'shap_error': np.float64(0.02263199091941013)}
{'sample_size': 300, 'difference': -60, 'noise': 0, 'n': 60, 'shap_error': np.float64(0.028766306285538428)}
{'sample_size': 600, 'difference': 0, 'noise': 0, 'n': 60, 'shap_error': np.float64(0.031822954231666624)}
{'sample_size': 1200, 'difference': 0, 'noise': 0, 'n': 60, 'shap_error': np.float64(0.03128972296253356)}
{'sample_size': 2400, 'difference': 0, 'noise': 0, 'n': 60, 'shap_error': np.float64(0.02644850905074816)}
{'sample_size': 4800, 'difference': 0, 'noise': 0, 'n': 60, 'shap_error': np.float64(0.02516254092685733)}
{'sample_size': 9600, 'difference': 0, 'noise': 0, 'n': 60, 'shap_error': np.float64(0.026752829901163257)}
{'sample_size': 300, 'difference': -60, 'noise': 0, 'n': 60, 'shap_error': np.float64(0.01967903497184317)}
{'sample_size': 600, 'difference': 0, 'noise': 0, 'n': 60, 'shap_error': np.float64(0.013826331573191264)}
{'sample_size': 1200, 'difference': 0, 'noise': 0, 'n': 60, 'shap_error': np.float64(0.011146056669751775)}
{'sample_size': 2400, 'difference': 0, 'noise': 0, 'n': 60, 'shap_error': np.float64(0.012537300496940275)}
{'sample_size': 4800, 'difference': 0, 'noise': 0, 'n': 60, 'shap_error': np.float64(0.01059356292402531)}
{'sample_size': 9600, 'difference': 0, 'noise': 0, 'n': 60, 'shap_error': np.float64(0.011593252889445472)}
{'sample_size': 300, 'difference': -60, 'noise': 0, 'n': 60, 'shap_error': np.float64(0.018634817163002075)}
{'sample_size': 600, 'difference': 0, 'noise': 0, 'n': 60, 'shap_error': np.float64(0.014178099878086733)}
{'sample_size': 1200, 'difference': 0, 'noise': 0, 'n': 60, 'shap_error': np.float64(0.01516104687980816)}
{'sample_size': 2400, 'difference': 0, 'noise': 0, 'n': 60, 'shap_error': np.float64(0.012456132608325617)}
{'sample_size': 4800, 'difference': 0, 'noise': 0, 'n': 60, 'shap_error': np.float64(0.01315367727069222)}
{'sample_size': 9600, 'difference': 0, 'noise': 0, 'n': 60, 'shap_error': np.float64(0.013357418345399526)}
{'sample_size': 300, 'difference': -60, 'noise': 0, 'n': 60, 'shap_error': np.float64(0.018905012673825928)}
{'sample_size': 600, 'difference': 0, 'noise': 0, 'n': 60, 'shap_error': np.float64(0.015634261502970627)}
{'sample_size': 1200, 'difference': 0, 'noise': 0, 'n': 60, 'shap_error': np.float64(0.014624455059424118)}
{'sample_size': 2400, 'difference': 0, 'noise': 0, 'n': 60, 'shap_error': np.float64(0.016001134711540046)}
{'sample_size': 4800, 'difference': 0, 'noise': 0, 'n': 60, 'shap_error': np.float64(0.01546434153346546)}
{'sample_size': 9600, 'difference': 0, 'noise': 0, 'n': 60, 'shap_error': np.float64(0.015589425934034479)}
{'sample_size': 300, 'difference': -60, 'noise': 0, 'n': 60, 'shap_error': np.float64(0.017201319080701903)}
{'sample_size': 600, 'difference': 0, 'noise': 0, 'n': 60, 'shap_error': np.float64(0.012598359051318623)}
{'sample_size': 1200, 'difference': 0, 'noise': 0, 'n': 60, 'shap_error': np.float64(0.01617787884853917)}
{'sample_size': 2400, 'difference': 0, 'noise': 0, 'n': 60, 'shap_error': np.float64(0.014328302937561897)}
{'sample_size': 4800, 'difference': 0, 'noise': 0, 'n': 60, 'shap_error': np.float64(0.014434285289926668)}
{'sample_size': 9600, 'difference': 0, 'noise': 0, 'n': 60, 'shap_error': np.float64(0.013758353948552023)}
{'sample_size': 300, 'difference': -60, 'noise': 0, 'n': 60, 'shap_error': np.float64(0.02179449950357742)}
{'sample_size': 600, 'difference': 0, 'noise': 0, 'n': 60, 'shap_error': np.float64(0.015551450580048172)}
{'sample_size': 1200, 'difference': 0, 'noise': 0, 'n': 60, 'shap_error': np.float64(0.012829299272938044)}
{'sample_size': 2400, 'difference': 0, 'noise': 0, 'n': 60, 'shap_error': np.float64(0.01765598925533475)}
{'sample_size': 4800, 'difference': 0, 'noise': 0, 'n': 60, 'shap_error': np.float64(0.014880931130940345)}
{'sample_size': 9600, 'difference': 0, 'noise': 0, 'n': 60, 'shap_error': np.float64(0.014578357536932401)}
{'sample_size': 300, 'difference': -60, 'noise': 0, 'n': 60, 'shap_error': np.float64(0.027236068500846977)}
{'sample_size': 600, 'difference': 0, 'noise': 0, 'n': 60, 'shap_error': np.float64(0.02413911457952275)}
{'sample_size': 1200, 'difference': 0, 'noise': 0, 'n': 60, 'shap_error': np.float64(0.014926460607710444)}
{'sample_size': 2400, 'difference': 0, 'noise': 0, 'n': 60, 'shap_error': np.float64(0.016547260255081277)}
{'sample_size': 4800, 'difference': 0, 'noise': 0, 'n': 60, 'shap_error': np.float64(0.02192412259390068)}
{'sample_size': 9600, 'difference': 0, 'noise': 0, 'n': 60, 'shap_error': np.float64(0.01975195946786619)}
{'sample_size': 300, 'difference': -60, 'noise': 0, 'n': 60, 'shap_error': np.float64(0.021501079248397444)}
{'sample_size': 600, 'difference': 0, 'noise': 0, 'n': 60, 'shap_error': np.float64(0.02179271919049277)}
{'sample_size': 1200, 'difference': 0, 'noise': 0, 'n': 60, 'shap_error': np.float64(0.018091906225634374)}
{'sample_size': 2400, 'difference': 0, 'noise': 0, 'n': 60, 'shap_error': np.float64(0.018112325185398934)}
{'sample_size': 4800, 'difference': 0, 'noise': 0, 'n': 60, 'shap_error': np.float64(0.01719041085015817)}
{'sample_size': 9600, 'difference': 0, 'noise': 0, 'n': 60, 'shap_error': np.float64(0.018026964146523685)}
{'sample_size': 300, 'difference': -60, 'noise': 0, 'n': 60, 'shap_error': np.float64(0.018941663977871104)}
{'sample_size': 600, 'difference': 0, 'noise': 0, 'n': 60, 'shap_error': np.float64(0.015752239343341766)}
{'sample_size': 1200, 'difference': 0, 'noise': 0, 'n': 60, 'shap_error': np.float64(0.01610767929958572)}
{'sample_size': 2400, 'difference': 0, 'noise': 0, 'n': 60, 'shap_error': np.float64(0.015856449194617383)}
{'sample_size': 4800, 'difference': 0, 'noise': 0, 'n': 60, 'shap_error': np.float64(0.015210468739010559)}
{'sample_size': 9600, 'difference': 0, 'noise': 0, 'n': 60, 'shap_error': np.float64(0.014994427000188514)}
{'sample_size': 300, 'difference': -60, 'noise': 0, 'n': 60, 'shap_error': np.float64(0.0162966096979718)}
{'sample_size': 600, 'difference': 0, 'noise': 0, 'n': 60, 'shap_error': np.float64(0.010027607005039853)}
{'sample_size': 1200, 'difference': 0, 'noise': 0, 'n': 60, 'shap_error': np.float64(0.01191135839446148)}
{'sample_size': 2400, 'difference': 0, 'noise': 0, 'n': 60, 'shap_error': np.float64(0.011247077495923788)}
{'sample_size': 4800, 'difference': 0, 'noise': 0, 'n': 60, 'shap_error': np.float64(0.011040096369261758)}
{'sample_size': 9600, 'difference': 0, 'noise': 0, 'n': 60, 'shap_error': np.float64(0.011524097886851652)}
{'sample_size': 300, 'difference': -60, 'noise': 0, 'n': 60, 'shap_error': np.float64(0.007293373269283003)}
{'sample_size': 600, 'difference': 0, 'noise': 0, 'n': 60, 'shap_error': np.float64(0.011272945920456096)}
{'sample_size': 1200, 'difference': 0, 'noise': 0, 'n': 60, 'shap_error': np.float64(0.009390976763345455)}
{'sample_size': 2400, 'difference': 0, 'noise': 0, 'n': 60, 'shap_error': np.float64(0.007678813383805052)}
{'sample_size': 4800, 'difference': 0, 'noise': 0, 'n': 60, 'shap_error': np.float64(0.008285729376266437)}
{'sample_size': 9600, 'difference': 0, 'noise': 0, 'n': 60, 'shap_error': np.float64(0.008203939266754924)}
{'sample_size': 300, 'difference': -60, 'noise': 0, 'n': 60, 'shap_error': np.float64(0.01616258303338817)}
{'sample_size': 600, 'difference': 0, 'noise': 0, 'n': 60, 'shap_error': np.float64(0.012868460092558976)}
{'sample_size': 1200, 'difference': 0, 'noise': 0, 'n': 60, 'shap_error': np.float64(0.014697218336676298)}
{'sample_size': 2400, 'difference': 0, 'noise': 0, 'n': 60, 'shap_error': np.float64(0.013696277702108524)}
{'sample_size': 4800, 'difference': 0, 'noise': 0, 'n': 60, 'shap_error': np.float64(0.01285485281187138)}
{'sample_size': 9600, 'difference': 0, 'noise': 0, 'n': 60, 'shap_error': np.float64(0.013481042887654959)}
{'sample_size': 300, 'difference': -60, 'noise': 0, 'n': 60, 'shap_error': np.float64(0.018749409289705952)}
{'sample_size': 600, 'difference': 0, 'noise': 0, 'n': 60, 'shap_error': np.float64(0.01587101713417212)}
{'sample_size': 1200, 'difference': 0, 'noise': 0, 'n': 60, 'shap_error': np.float64(0.01802633112355101)}
{'sample_size': 2400, 'difference': 0, 'noise': 0, 'n': 60, 'shap_error': np.float64(0.015008326963652058)}
{'sample_size': 4800, 'difference': 0, 'noise': 0, 'n': 60, 'shap_error': np.float64(0.01655887022729978)}
{'sample_size': 9600, 'difference': 0, 'noise': 0, 'n': 60, 'shap_error': np.float64(0.017015629265556134)}
{'sample_size': 300, 'difference': -60, 'noise': 0, 'n': 60, 'shap_error': np.float64(0.018576218831371574)}
{'sample_size': 600, 'difference': 0, 'noise': 0, 'n': 60, 'shap_error': np.float64(0.015775217560735303)}
{'sample_size': 1200, 'difference': 0, 'noise': 0, 'n': 60, 'shap_error': np.float64(0.01351202086635533)}
{'sample_size': 2400, 'difference': 0, 'noise': 0, 'n': 60, 'shap_error': np.float64(0.013553846032667117)}
{'sample_size': 4800, 'difference': 0, 'noise': 0, 'n': 60, 'shap_error': np.float64(0.01280280060202749)}
{'sample_size': 9600, 'difference': 0, 'noise': 0, 'n': 60, 'shap_error': np.float64(0.013481848119769714)}
{'sample_size': 300, 'difference': -60, 'noise': 0, 'n': 60, 'shap_error': np.float64(0.01057491097691369)}
{'sample_size': 600, 'difference': 0, 'noise': 0, 'n': 60, 'shap_error': np.float64(0.011136513319467979)}
{'sample_size': 1200, 'difference': 0, 'noise': 0, 'n': 60, 'shap_error': np.float64(0.01528851644815579)}
{'sample_size': 2400, 'difference': 0, 'noise': 0, 'n': 60, 'shap_error': np.float64(0.014937491796809166)}
{'sample_size': 4800, 'difference': 0, 'noise': 0, 'n': 60, 'shap_error': np.float64(0.014523011358526603)}
{'sample_size': 9600, 'difference': 0, 'noise': 0, 'n': 60, 'shap_error': np.float64(0.013267768878084311)}
{'sample_size': 300, 'difference': -60, 'noise': 0, 'n': 60, 'shap_error': np.float64(0.013264130582859598)}
{'sample_size': 600, 'difference': 0, 'noise': 0, 'n': 60, 'shap_error': np.float64(0.00871412196824498)}
{'sample_size': 1200, 'difference': 0, 'noise': 0, 'n': 60, 'shap_error': np.float64(0.009325444436644358)}
{'sample_size': 2400, 'difference': 0, 'noise': 0, 'n': 60, 'shap_error': np.float64(0.008150973397148029)}
{'sample_size': 4800, 'difference': 0, 'noise': 0, 'n': 60, 'shap_error': np.float64(0.0076809865374529015)}
{'sample_size': 9600, 'difference': 0, 'noise': 0, 'n': 60, 'shap_error': np.float64(0.008288047697101942)}
{'sample_size': 300, 'difference': -60, 'noise': 0, 'n': 60, 'shap_error': np.float64(0.02972446540746443)}
{'sample_size': 600, 'difference': 0, 'noise': 0, 'n': 60, 'shap_error': np.float64(0.02384296957306384)}
{'sample_size': 1200, 'difference': 0, 'noise': 0, 'n': 60, 'shap_error': np.float64(0.019796320364765453)}
{'sample_size': 2400, 'difference': 0, 'noise': 0, 'n': 60, 'shap_error': np.float64(0.01701142899390994)}
{'sample_size': 4800, 'difference': 0, 'noise': 0, 'n': 60, 'shap_error': np.float64(0.021162413778578457)}
{'sample_size': 9600, 'difference': 0, 'noise': 0, 'n': 60, 'shap_error': np.float64(0.020758651673900112)}
{'sample_size': 300, 'difference': -60, 'noise': 0, 'n': 60, 'shap_error': np.float64(0.00783505905278105)}
{'sample_size': 600, 'difference': 0, 'noise': 0, 'n': 60, 'shap_error': np.float64(0.00872518910668771)}
{'sample_size': 1200, 'difference': 0, 'noise': 0, 'n': 60, 'shap_error': np.float64(0.0099844357127221)}
{'sample_size': 2400, 'difference': 0, 'noise': 0, 'n': 60, 'shap_error': np.float64(0.008489043365988788)}
{'sample_size': 4800, 'difference': 0, 'noise': 0, 'n': 60, 'shap_error': np.float64(0.010215732866966868)}
{'sample_size': 9600, 'difference': 0, 'noise': 0, 'n': 60, 'shap_error': np.float64(0.009269542699342355)}
{'sample_size': 300, 'difference': -60, 'noise': 0, 'n': 60, 'shap_error': np.float64(0.034684070150361436)}
{'sample_size': 600, 'difference': 0, 'noise': 0, 'n': 60, 'shap_error': np.float64(0.02807428739658792)}
{'sample_size': 1200, 'difference': 0, 'noise': 0, 'n': 60, 'shap_error': np.float64(0.02190929037267093)}
{'sample_size': 2400, 'difference': 0, 'noise': 0, 'n': 60, 'shap_error': np.float64(0.022862618108836205)}
{'sample_size': 4800, 'difference': 0, 'noise': 0, 'n': 60, 'shap_error': np.float64(0.022087488520810418)}
{'sample_size': 9600, 'difference': 0, 'noise': 0, 'n': 60, 'shap_error': np.float64(0.022286401303988346)}
{'sample_size': 300, 'difference': -60, 'noise': 0, 'n': 60, 'shap_error': np.float64(0.025963603649779763)}
{'sample_size': 600, 'difference': 0, 'noise': 0, 'n': 60, 'shap_error': np.float64(0.021301710828629253)}
{'sample_size': 1200, 'difference': 0, 'noise': 0, 'n': 60, 'shap_error': np.float64(0.019357519300819928)}
{'sample_size': 2400, 'difference': 0, 'noise': 0, 'n': 60, 'shap_error': np.float64(0.020695471197690288)}
{'sample_size': 4800, 'difference': 0, 'noise': 0, 'n': 60, 'shap_error': np.float64(0.01791610644326619)}
{'sample_size': 9600, 'difference': 0, 'noise': 0, 'n': 60, 'shap_error': np.float64(0.018023190293335937)}
{'sample_size': 300, 'difference': -60, 'noise': 0, 'n': 60, 'shap_error': np.float64(0.020031164962991687)}
{'sample_size': 600, 'difference': 0, 'noise': 0, 'n': 60, 'shap_error': np.float64(0.014942774645956643)}
{'sample_size': 1200, 'difference': 0, 'noise': 0, 'n': 60, 'shap_error': np.float64(0.01468172924728219)}
{'sample_size': 2400, 'difference': 0, 'noise': 0, 'n': 60, 'shap_error': np.float64(0.01547674957044024)}
{'sample_size': 4800, 'difference': 0, 'noise': 0, 'n': 60, 'shap_error': np.float64(0.016363729626395443)}
{'sample_size': 9600, 'difference': 0, 'noise': 0, 'n': 60, 'shap_error': np.float64(0.015618988436593428)}
{'sample_size': 300, 'difference': -60, 'noise': 0, 'n': 60, 'shap_error': np.float64(0.010294853603116749)}
{'sample_size': 600, 'difference': 0, 'noise': 0, 'n': 60, 'shap_error': np.float64(0.010912696173646035)}
{'sample_size': 1200, 'difference': 0, 'noise': 0, 'n': 60, 'shap_error': np.float64(0.01091805749180923)}
{'sample_size': 2400, 'difference': 0, 'noise': 0, 'n': 60, 'shap_error': np.float64(0.011361323604722796)}
{'sample_size': 4800, 'difference': 0, 'noise': 0, 'n': 60, 'shap_error': np.float64(0.011302323232519403)}
{'sample_size': 9600, 'difference': 0, 'noise': 0, 'n': 60, 'shap_error': np.float64(0.011177395729957205)}
{'sample_size': 300, 'difference': -60, 'noise': 0, 'n': 60, 'shap_error': np.float64(0.005563444208612453)}
{'sample_size': 600, 'difference': 0, 'noise': 0, 'n': 60, 'shap_error': np.float64(0.005701616113287459)}
{'sample_size': 1200, 'difference': 0, 'noise': 0, 'n': 60, 'shap_error': np.float64(0.005084640921172597)}
{'sample_size': 2400, 'difference': 0, 'noise': 0, 'n': 60, 'shap_error': np.float64(0.004471600832722075)}
{'sample_size': 4800, 'difference': 0, 'noise': 0, 'n': 60, 'shap_error': np.float64(0.004140884387903433)}
{'sample_size': 9600, 'difference': 0, 'noise': 0, 'n': 60, 'shap_error': np.float64(0.004419481463259431)}
{'sample_size': 300, 'difference': -60, 'noise': 0, 'n': 60, 'shap_error': np.float64(0.009547663758972558)}
{'sample_size': 600, 'difference': 0, 'noise': 0, 'n': 60, 'shap_error': np.float64(0.012917327150028574)}
{'sample_size': 1200, 'difference': 0, 'noise': 0, 'n': 60, 'shap_error': np.float64(0.010459898817599934)}
{'sample_size': 2400, 'difference': 0, 'noise': 0, 'n': 60, 'shap_error': np.float64(0.010838088904582177)}
{'sample_size': 4800, 'difference': 0, 'noise': 0, 'n': 60, 'shap_error': np.float64(0.01022232764280231)}
{'sample_size': 9600, 'difference': 0, 'noise': 0, 'n': 60, 'shap_error': np.float64(0.010642178379893454)}
{'sample_size': 300, 'difference': -60, 'noise': 0, 'n': 60, 'shap_error': np.float64(0.028733899645134512)}
{'sample_size': 600, 'difference': 0, 'noise': 0, 'n': 60, 'shap_error': np.float64(0.028138194237875478)}
{'sample_size': 1200, 'difference': 0, 'noise': 0, 'n': 60, 'shap_error': np.float64(0.022814435571370233)}
{'sample_size': 2400, 'difference': 0, 'noise': 0, 'n': 60, 'shap_error': np.float64(0.024166547486260116)}
{'sample_size': 4800, 'difference': 0, 'noise': 0, 'n': 60, 'shap_error': np.float64(0.023849634162180132)}
{'sample_size': 9600, 'difference': 0, 'noise': 0, 'n': 60, 'shap_error': np.float64(0.023333022950214822)}
{'sample_size': 300, 'difference': -60, 'noise': 0, 'n': 60, 'shap_error': np.float64(0.03212114069915678)}
{'sample_size': 600, 'difference': 0, 'noise': 0, 'n': 60, 'shap_error': np.float64(0.024707189397727525)}
{'sample_size': 1200, 'difference': 0, 'noise': 0, 'n': 60, 'shap_error': np.float64(0.021703050431868577)}
{'sample_size': 2400, 'difference': 0, 'noise': 0, 'n': 60, 'shap_error': np.float64(0.018415089056050122)}
{'sample_size': 4800, 'difference': 0, 'noise': 0, 'n': 60, 'shap_error': np.float64(0.020010568918848066)}
{'sample_size': 9600, 'difference': 0, 'noise': 0, 'n': 60, 'shap_error': np.float64(0.018086070301597576)}
{'sample_size': 300, 'difference': -60, 'noise': 0, 'n': 60, 'shap_error': np.float64(0.03001539994468009)}
{'sample_size': 600, 'difference': 0, 'noise': 0, 'n': 60, 'shap_error': np.float64(0.019143722755836225)}
{'sample_size': 1200, 'difference': 0, 'noise': 0, 'n': 60, 'shap_error': np.float64(0.02263368406207564)}
{'sample_size': 2400, 'difference': 0, 'noise': 0, 'n': 60, 'shap_error': np.float64(0.02096079237407052)}
{'sample_size': 4800, 'difference': 0, 'noise': 0, 'n': 60, 'shap_error': np.float64(0.022529217717404456)}
{'sample_size': 9600, 'difference': 0, 'noise': 0, 'n': 60, 'shap_error': np.float64(0.022582947856654007)}
{'sample_size': 300, 'difference': -60, 'noise': 0, 'n': 60, 'shap_error': np.float64(0.02642807168030736)}
{'sample_size': 600, 'difference': 0, 'noise': 0, 'n': 60, 'shap_error': np.float64(0.01746995184078465)}
{'sample_size': 1200, 'difference': 0, 'noise': 0, 'n': 60, 'shap_error': np.float64(0.016643236442908337)}
{'sample_size': 2400, 'difference': 0, 'noise': 0, 'n': 60, 'shap_error': np.float64(0.016683883081716304)}
{'sample_size': 4800, 'difference': 0, 'noise': 0, 'n': 60, 'shap_error': np.float64(0.01393273660380514)}
{'sample_size': 9600, 'difference': 0, 'noise': 0, 'n': 60, 'shap_error': np.float64(0.016277722381425837)}
{'sample_size': 300, 'difference': -60, 'noise': 0, 'n': 60, 'shap_error': np.float64(0.009297771620597192)}
{'sample_size': 600, 'difference': 0, 'noise': 0, 'n': 60, 'shap_error': np.float64(0.007156219121998725)}
{'sample_size': 1200, 'difference': 0, 'noise': 0, 'n': 60, 'shap_error': np.float64(0.006979326315070823)}
{'sample_size': 2400, 'difference': 0, 'noise': 0, 'n': 60, 'shap_error': np.float64(0.006800438827329174)}
{'sample_size': 4800, 'difference': 0, 'noise': 0, 'n': 60, 'shap_error': np.float64(0.007318352110074821)}
{'sample_size': 9600, 'difference': 0, 'noise': 0, 'n': 60, 'shap_error': np.float64(0.00650570684325279)}
{'sample_size': 300, 'difference': -60, 'noise': 0, 'n': 60, 'shap_error': np.float64(0.004373317386704474)}
{'sample_size': 600, 'difference': 0, 'noise': 0, 'n': 60, 'shap_error': np.float64(0.011246839793662821)}
{'sample_size': 1200, 'difference': 0, 'noise': 0, 'n': 60, 'shap_error': np.float64(0.012365757450341106)}
{'sample_size': 2400, 'difference': 0, 'noise': 0, 'n': 60, 'shap_error': np.float64(0.008918479099166866)}
{'sample_size': 4800, 'difference': 0, 'noise': 0, 'n': 60, 'shap_error': np.float64(0.010140346001105284)}
{'sample_size': 9600, 'difference': 0, 'noise': 0, 'n': 60, 'shap_error': np.float64(0.009641255918355008)}
{'sample_size': 300, 'difference': -60, 'noise': 0, 'n': 60, 'shap_error': np.float64(0.00998789397234243)}
{'sample_size': 600, 'difference': 0, 'noise': 0, 'n': 60, 'shap_error': np.float64(0.01000436837099417)}
{'sample_size': 1200, 'difference': 0, 'noise': 0, 'n': 60, 'shap_error': np.float64(0.01000616989670476)}
{'sample_size': 2400, 'difference': 0, 'noise': 0, 'n': 60, 'shap_error': np.float64(0.01269414904726176)}
{'sample_size': 4800, 'difference': 0, 'noise': 0, 'n': 60, 'shap_error': np.float64(0.010868134577285296)}
{'sample_size': 9600, 'difference': 0, 'noise': 0, 'n': 60, 'shap_error': np.float64(0.01172061988944719)}
{'sample_size': 300, 'difference': -60, 'noise': 0, 'n': 60, 'shap_error': np.float64(0.03312092366004176)}
{'sample_size': 600, 'difference': 0, 'noise': 0, 'n': 60, 'shap_error': np.float64(0.020912519365370037)}
{'sample_size': 1200, 'difference': 0, 'noise': 0, 'n': 60, 'shap_error': np.float64(0.023543844192506165)}
{'sample_size': 2400, 'difference': 0, 'noise': 0, 'n': 60, 'shap_error': np.float64(0.023901721964902232)}
{'sample_size': 4800, 'difference': 0, 'noise': 0, 'n': 60, 'shap_error': np.float64(0.024244603570628177)}
{'sample_size': 9600, 'difference': 0, 'noise': 0, 'n': 60, 'shap_error': np.float64(0.022742583927479593)}
{'sample_size': 300, 'difference': -60, 'noise': 0, 'n': 60, 'shap_error': np.float64(0.030157787767774502)}
{'sample_size': 600, 'difference': 0, 'noise': 0, 'n': 60, 'shap_error': np.float64(0.024087709010773468)}
{'sample_size': 1200, 'difference': 0, 'noise': 0, 'n': 60, 'shap_error': np.float64(0.02805962004938249)}
{'sample_size': 2400, 'difference': 0, 'noise': 0, 'n': 60, 'shap_error': np.float64(0.02593562229478385)}
{'sample_size': 4800, 'difference': 0, 'noise': 0, 'n': 60, 'shap_error': np.float64(0.02394126553442136)}
{'sample_size': 9600, 'difference': 0, 'noise': 0, 'n': 60, 'shap_error': np.float64(0.025354226946888193)}
{'sample_size': 300, 'difference': -60, 'noise': 0, 'n': 60, 'shap_error': np.float64(0.019527989061850205)}
{'sample_size': 600, 'difference': 0, 'noise': 0, 'n': 60, 'shap_error': np.float64(0.01747650988374809)}
{'sample_size': 1200, 'difference': 0, 'noise': 0, 'n': 60, 'shap_error': np.float64(0.01948635273585221)}
{'sample_size': 2400, 'difference': 0, 'noise': 0, 'n': 60, 'shap_error': np.float64(0.021268357540885373)}
{'sample_size': 4800, 'difference': 0, 'noise': 0, 'n': 60, 'shap_error': np.float64(0.022466864307015208)}
{'sample_size': 9600, 'difference': 0, 'noise': 0, 'n': 60, 'shap_error': np.float64(0.019506828923101027)}
{'sample_size': 300, 'difference': -60, 'noise': 0, 'n': 60, 'shap_error': np.float64(0.011277136722108397)}
{'sample_size': 600, 'difference': 0, 'noise': 0, 'n': 60, 'shap_error': np.float64(0.008528460706632993)}
{'sample_size': 1200, 'difference': 0, 'noise': 0, 'n': 60, 'shap_error': np.float64(0.01022903341032218)}
{'sample_size': 2400, 'difference': 0, 'noise': 0, 'n': 60, 'shap_error': np.float64(0.011211712808905044)}
{'sample_size': 4800, 'difference': 0, 'noise': 0, 'n': 60, 'shap_error': np.float64(0.010825338887793023)}
{'sample_size': 9600, 'difference': 0, 'noise': 0, 'n': 60, 'shap_error': np.float64(0.010052433388700903)}
{'sample_size': 300, 'difference': -60, 'noise': 0, 'n': 60, 'shap_error': np.float64(0.017748417615741186)}
{'sample_size': 600, 'difference': 0, 'noise': 0, 'n': 60, 'shap_error': np.float64(0.015566440405428298)}
{'sample_size': 1200, 'difference': 0, 'noise': 0, 'n': 60, 'shap_error': np.float64(0.015601311740308741)}
{'sample_size': 2400, 'difference': 0, 'noise': 0, 'n': 60, 'shap_error': np.float64(0.01577249212677909)}
{'sample_size': 4800, 'difference': 0, 'noise': 0, 'n': 60, 'shap_error': np.float64(0.014575753264825388)}
{'sample_size': 9600, 'difference': 0, 'noise': 0, 'n': 60, 'shap_error': np.float64(0.015344781598292926)}
{'sample_size': 300, 'difference': -60, 'noise': 0, 'n': 60, 'shap_error': np.float64(0.008870961683323148)}
{'sample_size': 600, 'difference': 0, 'noise': 0, 'n': 60, 'shap_error': np.float64(0.010187213185195622)}
{'sample_size': 1200, 'difference': 0, 'noise': 0, 'n': 60, 'shap_error': np.float64(0.009423957765204431)}
{'sample_size': 2400, 'difference': 0, 'noise': 0, 'n': 60, 'shap_error': np.float64(0.008781720133241033)}
{'sample_size': 4800, 'difference': 0, 'noise': 0, 'n': 60, 'shap_error': np.float64(0.010365102779010796)}
{'sample_size': 9600, 'difference': 0, 'noise': 0, 'n': 60, 'shap_error': np.float64(0.01007740588193268)}
{'sample_size': 300, 'difference': -60, 'noise': 0, 'n': 60, 'shap_error': np.float64(0.013297078275813574)}
{'sample_size': 600, 'difference': 0, 'noise': 0, 'n': 60, 'shap_error': np.float64(0.013100053905558259)}
{'sample_size': 1200, 'difference': 0, 'noise': 0, 'n': 60, 'shap_error': np.float64(0.011682559533003989)}
{'sample_size': 2400, 'difference': 0, 'noise': 0, 'n': 60, 'shap_error': np.float64(0.012140188322837229)}
{'sample_size': 4800, 'difference': 0, 'noise': 0, 'n': 60, 'shap_error': np.float64(0.011936663172379142)}
{'sample_size': 9600, 'difference': 0, 'noise': 0, 'n': 60, 'shap_error': np.float64(0.011732883071285321)}
{'sample_size': 300, 'difference': -60, 'noise': 0, 'n': 60, 'shap_error': np.float64(0.0110738201678521)}
{'sample_size': 600, 'difference': 0, 'noise': 0, 'n': 60, 'shap_error': np.float64(0.012384204420466827)}
{'sample_size': 1200, 'difference': 0, 'noise': 0, 'n': 60, 'shap_error': np.float64(0.010641729200235945)}
{'sample_size': 2400, 'difference': 0, 'noise': 0, 'n': 60, 'shap_error': np.float64(0.010472963697240862)}
{'sample_size': 4800, 'difference': 0, 'noise': 0, 'n': 60, 'shap_error': np.float64(0.01101705219258419)}
{'sample_size': 9600, 'difference': 0, 'noise': 0, 'n': 60, 'shap_error': np.float64(0.010953127230201355)}
{'sample_size': 300, 'difference': -60, 'noise': 0, 'n': 60, 'shap_error': np.float64(0.022894604859449493)}
{'sample_size': 600, 'difference': 0, 'noise': 0, 'n': 60, 'shap_error': np.float64(0.017370481266403108)}
{'sample_size': 1200, 'difference': 0, 'noise': 0, 'n': 60, 'shap_error': np.float64(0.015822732257055404)}
{'sample_size': 2400, 'difference': 0, 'noise': 0, 'n': 60, 'shap_error': np.float64(0.01657487068538022)}
{'sample_size': 4800, 'difference': 0, 'noise': 0, 'n': 60, 'shap_error': np.float64(0.0164159273896133)}
{'sample_size': 9600, 'difference': 0, 'noise': 0, 'n': 60, 'shap_error': np.float64(0.017814071440089285)}
{'sample_size': 300, 'difference': -60, 'noise': 0, 'n': 60, 'shap_error': np.float64(0.02556341014824993)}
{'sample_size': 600, 'difference': 0, 'noise': 0, 'n': 60, 'shap_error': np.float64(0.02331142095301364)}
{'sample_size': 1200, 'difference': 0, 'noise': 0, 'n': 60, 'shap_error': np.float64(0.024342702988981692)}
{'sample_size': 2400, 'difference': 0, 'noise': 0, 'n': 60, 'shap_error': np.float64(0.029737022444725085)}
{'sample_size': 4800, 'difference': 0, 'noise': 0, 'n': 60, 'shap_error': np.float64(0.02748515560769538)}
{'sample_size': 9600, 'difference': 0, 'noise': 0, 'n': 60, 'shap_error': np.float64(0.028139283302225808)}
{'sample_size': 300, 'difference': -60, 'noise': 0, 'n': 60, 'shap_error': np.float64(0.00801667810422419)}
{'sample_size': 600, 'difference': 0, 'noise': 0, 'n': 60, 'shap_error': np.float64(0.007793522123274106)}
{'sample_size': 1200, 'difference': 0, 'noise': 0, 'n': 60, 'shap_error': np.float64(0.00761899725976907)}
{'sample_size': 2400, 'difference': 0, 'noise': 0, 'n': 60, 'shap_error': np.float64(0.008059587525965304)}
{'sample_size': 4800, 'difference': 0, 'noise': 0, 'n': 60, 'shap_error': np.float64(0.008019300961774684)}
{'sample_size': 9600, 'difference': 0, 'noise': 0, 'n': 60, 'shap_error': np.float64(0.007404539854088222)}
{'sample_size': 300, 'difference': -60, 'noise': 0, 'n': 60, 'shap_error': np.float64(0.017432801511450425)}
{'sample_size': 600, 'difference': 0, 'noise': 0, 'n': 60, 'shap_error': np.float64(0.018187173075203848)}
{'sample_size': 1200, 'difference': 0, 'noise': 0, 'n': 60, 'shap_error': np.float64(0.01514301387028449)}
{'sample_size': 2400, 'difference': 0, 'noise': 0, 'n': 60, 'shap_error': np.float64(0.015874845186649025)}
{'sample_size': 4800, 'difference': 0, 'noise': 0, 'n': 60, 'shap_error': np.float64(0.015618275521298965)}
{'sample_size': 9600, 'difference': 0, 'noise': 0, 'n': 60, 'shap_error': np.float64(0.01581863427771699)}
{'sample_size': 300, 'difference': -60, 'noise': 0, 'n': 60, 'shap_error': np.float64(0.01853758429010344)}
{'sample_size': 600, 'difference': 0, 'noise': 0, 'n': 60, 'shap_error': np.float64(0.017767034511011654)}
{'sample_size': 1200, 'difference': 0, 'noise': 0, 'n': 60, 'shap_error': np.float64(0.01330851828845893)}
{'sample_size': 2400, 'difference': 0, 'noise': 0, 'n': 60, 'shap_error': np.float64(0.016030441851879053)}
{'sample_size': 4800, 'difference': 0, 'noise': 0, 'n': 60, 'shap_error': np.float64(0.0182450671465567)}
{'sample_size': 9600, 'difference': 0, 'noise': 0, 'n': 60, 'shap_error': np.float64(0.019405958391926045)}
{'sample_size': 300, 'difference': -60, 'noise': 0, 'n': 60, 'shap_error': np.float64(0.01854286521240809)}
{'sample_size': 600, 'difference': 0, 'noise': 0, 'n': 60, 'shap_error': np.float64(0.015619205977836963)}
{'sample_size': 1200, 'difference': 0, 'noise': 0, 'n': 60, 'shap_error': np.float64(0.01470057329330604)}
{'sample_size': 2400, 'difference': 0, 'noise': 0, 'n': 60, 'shap_error': np.float64(0.01416421104853392)}
{'sample_size': 4800, 'difference': 0, 'noise': 0, 'n': 60, 'shap_error': np.float64(0.013415597206742397)}
{'sample_size': 9600, 'difference': 0, 'noise': 0, 'n': 60, 'shap_error': np.float64(0.012735931899796625)}
{'sample_size': 300, 'difference': -60, 'noise': 0, 'n': 60, 'shap_error': np.float64(0.010385758225038863)}
{'sample_size': 600, 'difference': 0, 'noise': 0, 'n': 60, 'shap_error': np.float64(0.016794185313836342)}
{'sample_size': 1200, 'difference': 0, 'noise': 0, 'n': 60, 'shap_error': np.float64(0.014328588526062455)}
{'sample_size': 2400, 'difference': 0, 'noise': 0, 'n': 60, 'shap_error': np.float64(0.01256343650811021)}
{'sample_size': 4800, 'difference': 0, 'noise': 0, 'n': 60, 'shap_error': np.float64(0.014544134590368043)}
{'sample_size': 9600, 'difference': 0, 'noise': 0, 'n': 60, 'shap_error': np.float64(0.014300801975093239)}
{'sample_size': 300, 'difference': -60, 'noise': 0, 'n': 60, 'shap_error': np.float64(0.024929759250464433)}
{'sample_size': 600, 'difference': 0, 'noise': 0, 'n': 60, 'shap_error': np.float64(0.023565526981826332)}
{'sample_size': 1200, 'difference': 0, 'noise': 0, 'n': 60, 'shap_error': np.float64(0.01633653939107591)}
{'sample_size': 2400, 'difference': 0, 'noise': 0, 'n': 60, 'shap_error': np.float64(0.01744577581549271)}
{'sample_size': 4800, 'difference': 0, 'noise': 0, 'n': 60, 'shap_error': np.float64(0.01803702820255497)}
{'sample_size': 9600, 'difference': 0, 'noise': 0, 'n': 60, 'shap_error': np.float64(0.017455044640153294)}
{'sample_size': 300, 'difference': -60, 'noise': 0, 'n': 60, 'shap_error': np.float64(0.016903006595559114)}
{'sample_size': 600, 'difference': 0, 'noise': 0, 'n': 60, 'shap_error': np.float64(0.03195177185521909)}
{'sample_size': 1200, 'difference': 0, 'noise': 0, 'n': 60, 'shap_error': np.float64(0.022329324737478565)}
{'sample_size': 2400, 'difference': 0, 'noise': 0, 'n': 60, 'shap_error': np.float64(0.02231670117767357)}
{'sample_size': 4800, 'difference': 0, 'noise': 0, 'n': 60, 'shap_error': np.float64(0.021719363315213815)}
{'sample_size': 9600, 'difference': 0, 'noise': 0, 'n': 60, 'shap_error': np.float64(0.02310568947413222)}
{'sample_size': 300, 'difference': -60, 'noise': 0, 'n': 60, 'shap_error': np.float64(0.010266638008103181)}
{'sample_size': 600, 'difference': 0, 'noise': 0, 'n': 60, 'shap_error': np.float64(0.00679695771893718)}
{'sample_size': 1200, 'difference': 0, 'noise': 0, 'n': 60, 'shap_error': np.float64(0.008189357145837899)}
{'sample_size': 2400, 'difference': 0, 'noise': 0, 'n': 60, 'shap_error': np.float64(0.00794377285524448)}
{'sample_size': 4800, 'difference': 0, 'noise': 0, 'n': 60, 'shap_error': np.float64(0.006265802849160373)}
{'sample_size': 9600, 'difference': 0, 'noise': 0, 'n': 60, 'shap_error': np.float64(0.007204973226834893)}
{'sample_size': 300, 'difference': -60, 'noise': 0, 'n': 60, 'shap_error': np.float64(0.018382649562830845)}
{'sample_size': 600, 'difference': 0, 'noise': 0, 'n': 60, 'shap_error': np.float64(0.015035929657451264)}
{'sample_size': 1200, 'difference': 0, 'noise': 0, 'n': 60, 'shap_error': np.float64(0.01228116283109103)}
{'sample_size': 2400, 'difference': 0, 'noise': 0, 'n': 60, 'shap_error': np.float64(0.014327163465500805)}
{'sample_size': 4800, 'difference': 0, 'noise': 0, 'n': 60, 'shap_error': np.float64(0.01472441039143469)}
{'sample_size': 9600, 'difference': 0, 'noise': 0, 'n': 60, 'shap_error': np.float64(0.014040080053555058)}
{'sample_size': 300, 'difference': -60, 'noise': 0, 'n': 60, 'shap_error': np.float64(0.02627286301270971)}
{'sample_size': 600, 'difference': 0, 'noise': 0, 'n': 60, 'shap_error': np.float64(0.02124675088645945)}
{'sample_size': 1200, 'difference': 0, 'noise': 0, 'n': 60, 'shap_error': np.float64(0.022771334738340487)}
{'sample_size': 2400, 'difference': 0, 'noise': 0, 'n': 60, 'shap_error': np.float64(0.017843074969966392)}
{'sample_size': 4800, 'difference': 0, 'noise': 0, 'n': 60, 'shap_error': np.float64(0.018528354715735645)}
{'sample_size': 9600, 'difference': 0, 'noise': 0, 'n': 60, 'shap_error': np.float64(0.019641801096134292)}
{'sample_size': 300, 'difference': -60, 'noise': 0, 'n': 60, 'shap_error': np.float64(0.01035383694628448)}
{'sample_size': 600, 'difference': 0, 'noise': 0, 'n': 60, 'shap_error': np.float64(0.01092586186852933)}
{'sample_size': 1200, 'difference': 0, 'noise': 0, 'n': 60, 'shap_error': np.float64(0.009170482608286313)}
{'sample_size': 2400, 'difference': 0, 'noise': 0, 'n': 60, 'shap_error': np.float64(0.00942479911230694)}
{'sample_size': 4800, 'difference': 0, 'noise': 0, 'n': 60, 'shap_error': np.float64(0.00940463771753905)}
{'sample_size': 9600, 'difference': 0, 'noise': 0, 'n': 60, 'shap_error': np.float64(0.009334833426040976)}
{'sample_size': 300, 'difference': -60, 'noise': 0, 'n': 60, 'shap_error': np.float64(0.024789999285156926)}
{'sample_size': 600, 'difference': 0, 'noise': 0, 'n': 60, 'shap_error': np.float64(0.016546902596315735)}
{'sample_size': 1200, 'difference': 0, 'noise': 0, 'n': 60, 'shap_error': np.float64(0.016408741905883917)}
{'sample_size': 2400, 'difference': 0, 'noise': 0, 'n': 60, 'shap_error': np.float64(0.01732677590719187)}
{'sample_size': 4800, 'difference': 0, 'noise': 0, 'n': 60, 'shap_error': np.float64(0.015106814632500298)}
{'sample_size': 9600, 'difference': 0, 'noise': 0, 'n': 60, 'shap_error': np.float64(0.01549044354288917)}
{'sample_size': 300, 'difference': -60, 'noise': 0, 'n': 60, 'shap_error': np.float64(0.0224041734294871)}
{'sample_size': 600, 'difference': 0, 'noise': 0, 'n': 60, 'shap_error': np.float64(0.014551952637484157)}
{'sample_size': 1200, 'difference': 0, 'noise': 0, 'n': 60, 'shap_error': np.float64(0.01275241643530877)}
{'sample_size': 2400, 'difference': 0, 'noise': 0, 'n': 60, 'shap_error': np.float64(0.0160057261187509)}
{'sample_size': 4800, 'difference': 0, 'noise': 0, 'n': 60, 'shap_error': np.float64(0.014984321776004013)}
{'sample_size': 9600, 'difference': 0, 'noise': 0, 'n': 60, 'shap_error': np.float64(0.015479463062030512)}
{'sample_size': 300, 'difference': -60, 'noise': 0, 'n': 60, 'shap_error': np.float64(0.016266115730778536)}
{'sample_size': 600, 'difference': 0, 'noise': 0, 'n': 60, 'shap_error': np.float64(0.019737727129833533)}
{'sample_size': 1200, 'difference': 0, 'noise': 0, 'n': 60, 'shap_error': np.float64(0.01903494774880248)}
{'sample_size': 2400, 'difference': 0, 'noise': 0, 'n': 60, 'shap_error': np.float64(0.019398972013786275)}
{'sample_size': 4800, 'difference': 0, 'noise': 0, 'n': 60, 'shap_error': np.float64(0.01934060634929907)}
{'sample_size': 9600, 'difference': 0, 'noise': 0, 'n': 60, 'shap_error': np.float64(0.019827287846780894)}
{'sample_size': 300, 'difference': -60, 'noise': 0, 'n': 60, 'shap_error': np.float64(0.05539367137527445)}
{'sample_size': 600, 'difference': 0, 'noise': 0, 'n': 60, 'shap_error': np.float64(0.04912862465958877)}
{'sample_size': 1200, 'difference': 0, 'noise': 0, 'n': 60, 'shap_error': np.float64(0.03749769246209436)}
{'sample_size': 2400, 'difference': 0, 'noise': 0, 'n': 60, 'shap_error': np.float64(0.036661845737186116)}
{'sample_size': 4800, 'difference': 0, 'noise': 0, 'n': 60, 'shap_error': np.float64(0.03990319468181729)}
{'sample_size': 9600, 'difference': 0, 'noise': 0, 'n': 60, 'shap_error': np.float64(0.036418671806377666)}
